Date,Industrials,Health Care,Information Technology,Consumer Discretionary,Utilities,Financials,Materials,Real Estate,Consumer Staples,Energy,Telecommunication Services
2000-01,77.83960794502902,31.436890239562175,42.09119282972578,36.77354973280674,14.089149860001816,135.54141426536546,17.903645936225306,19.92213998386245,25.80287641888229,16.89428261991441,16.219559395304728
2000-02,75.73944593914301,37.56131865877985,46.14510407131976,36.89650354342574,14.231423992410244,144.28313299707708,16.26188901241397,23.76597524638575,24.356122265560202,16.4147763519495,15.087821195367539
2000-03,85.1869066114084,36.33109776308755,52.6167945880289,32.00743891031554,13.948500942510247,135.72424773452352,16.209372428736774,29.77626663328488,21.426220666575663,17.803222062800526,16.625273116298292
2000-04,93.10971100837108,29.284575252830994,43.8374457619518,30.49886639176688,13.833688178844117,147.99937284587105,17.263157199339517,22.82900086994027,23.481252660448288,17.712146865825122,17.551001476712678
2000-05,83.39906993271796,29.521380919774728,39.64689529137275,28.003615526431812,17.86739869625308,156.47920389097632,17.469020003123326,22.816851561725638,23.845739164975004,18.12220493122396,16.369432857164508
2000-06,69.23317879381362,33.01370804898221,48.533415828903586,25.47943266107338,16.76060662179801,148.37306275599178,16.488985251356045,23.794457349261734,21.233625657137654,18.2272691417297,16.97763580600784
2000-07,73.70091317740338,34.139573560195075,50.641866879550804,24.121731669456125,17.790381934357,174.01988595494106,17.41770888077776,26.938383979430586,22.444925389665187,17.324831001332807,16.281003020761204
2000-08,84.0506226812881,33.27056061615193,52.84236762536727,22.69147414286809,19.228705283133543,159.33369057228722,15.96428453543988,25.406917194102807,22.128016906693848,19.35345864600434,14.548787355277334
2000-09,80.2328745461439,34.16842702597329,57.007515557504256,23.830864734598986,20.48883402986654,164.91165040776036,14.971707948912874,21.824963378030088,20.99619350036273,19.883976996580788,15.141140072910797
2000-10,90.16237005395011,34.14700162614131,56.9687401832503,21.932963506373326,21.37295646973661,174.50311677960445,14.421053892725093,21.2246979586696,22.06120459219125,19.233063635590256,17.37468953654364
2000-11,76.38230743823586,35.77484649515124,45.8970465373788,19.395768049833805,20.055831972542343,189.31370944848703,15.524506165093428,21.09721351862972,22.92883173733636,18.341919393416674,18.94756022996638
2000-12,71.10779348715775,35.60081205848303,40.23451444105415,18.327016205512948,19.453678093204473,191.05059600538922,15.188032601911562,18.505240535081636,23.596600850060042,18.46958135807543,17.636526647929593
2001-01,74.07559488146974,34.14950207854255,39.29986471232716,19.916130370226973,17.6264346447839,177.06830854699706,15.088878585469368,22.662671753119707,23.912647203658246,18.72925079353657,17.70571173548346
2001-02,74.71072972744876,33.243163553669476,30.579869748661775,19.110672581049084,18.34275130594358,160.7381908996039,15.055806398677543,17.98303839774389,23.60734431713288,18.47556447403961,17.20873734502323
2001-03,69.89390393403241,30.370284915415045,23.231517181375803,18.04323185776911,19.648138401687135,145.54768953452916,15.69006001417005,14.988770077573477,22.152624608209972,17.89242649981676,15.498053248182671
2001-04,70.13305278852577,28.899923406265412,23.002846069743793,18.254645092315496,18.463093371312844,159.70824246903206,15.164543606163734,14.362831032088893,21.844819762654154,17.606516390351302,16.31495910290632
2001-05,74.62137966224286,29.577810574799674,25.107995925332947,20.425204883039246,19.053036997484586,167.3611483498901,17.31008305903868,14.728844541116121,22.500448194911737,17.90188824158484,17.29119524206579
2001-06,80.16892233987,32.999504781713966,22.648053636560668,20.099752616317847,17.775554220720487,169.14212221525713,13.592761414248514,13.256237647244847,21.570048050282796,17.58721843835094,16.33454144529116
2001-07,70.66621285065014,29.854358861473536,22.451019404257714,20.2869516579903,16.669542397776226,167.95688611531344,16.71948910167832,12.284222668305164,22.507212914344297,16.413359869896677,17.112092574551024
2001-08,66.40479548435252,28.74659120567136,20.80415973988518,19.621203937981367,15.371958953827253,203.19139850675543,16.006956433037917,11.801633134608506,22.554460766537975,16.279199736761154,16.78119908920037
2001-09,60.43779399226615,28.195975332617692,18.106677838795257,16.867910710838853,14.879196620213028,179.33645417896292,14.530384772336117,11.204836107952937,21.49549630607613,15.217392778422877,16.763224467262084
2001-10,54.232713028144154,28.05624609869471,18.856368116074513,18.236641152490126,12.68067147136852,166.9143655140651,15.153369628959625,10.834635367178526,22.227070369006128,15.376958886262566,16.734708249366346
2001-11,57.548023635202746,29.792667566528984,19.893519922594113,19.87992439020702,13.514217585720905,176.0688179931817,15.226405276832299,9.441936352547167,22.848684856213215,14.91194972335608,15.484660510961756
2001-12,65.97242350195886,32.00436838789411,21.26191446783605,22.90250804803325,13.781286904717478,165.5816355144636,15.086426393242322,10.549505488573867,22.439040004661518,13.965761130960548,15.069607591734899
2002-01,57.100191321200946,29.62106134285192,21.3081405654346,20.253998197431805,13.488077317219222,173.19968598272447,16.078699242372117,9.598493913039754,23.288042699443658,13.66291291100676,15.478141291854614
2002-02,51.1792331327167,29.574887297101437,19.10761842622328,21.79843772690031,12.67386214120532,164.1511295649132,17.017781499224093,10.075590005987003,25.01515112876074,15.200936680786901,14.543468988572947
2002-03,59.583509795474875,29.854629187274664,20.049645303984168,22.571077358960608,13.78261180079214,144.26489072656665,18.08413135587762,10.734628056612426,25.29402954628701,17.037227723905502,15.293331287254457
2002-04,53.733217475903075,29.745201687119962,19.484342356897066,22.76206504390667,14.391208940373858,147.71985503225645,18.388310023412142,11.423624321251145,25.115410493208586,17.262489406401304,13.757987881741741
2002-05,48.011988167169136,27.41552455572088,17.436164320885258,23.29217434534094,13.758822076640712,143.79868277970917,19.058687358734407,11.232347425351731,24.707324759780107,16.35969062577527,13.521035723155755
2002-06,44.575855616348136,24.239454413393034,15.968548017502384,20.8673340983408,12.801204283891861,140.75344288499812,18.234497071007436,11.757455687789058,24.372489200927998,16.275226594504026,13.064727362521253
2002-07,44.266543646142566,21.97751567489363,14.988456434859394,20.024164783713374,11.51473092997749,125.76514902726126,17.163637312777823,11.720825779078542,22.429056395312124,15.429151288040575,11.25637404162716
2002-08,48.95608702375189,24.13098446000786,14.531328777422747,18.076264557242222,11.619816645925658,125.81845671681356,16.54771742854225,11.553448086084629,23.401237401058577,15.326124644198924,10.485831125793435
2002-09,43.78048415641802,23.747985853171937,13.749384146505298,19.31527914045146,11.050709749056049,110.49623085304833,16.39022899430872,11.955249401821407,22.815390333527596,15.007638266777134,9.664485973221163
2002-10,41.78301499156886,24.683297042102488,14.252239031499613,19.287707645976205,10.359360260709174,115.88332526006094,15.86891168339861,10.675767642554996,23.57449743384027,15.086493257923209,11.237580647193262
2002-11,41.40559870423976,24.202911112104214,15.357240130555814,18.314853360116167,10.578607644029367,125.69225820184069,16.087446593510464,10.559586730491608,22.510246708051515,14.152836449959139,12.484667777363356
2002-12,38.47673223544859,23.557297956335407,15.24996422744392,19.17980262665845,11.233217805952851,124.86059440276661,17.356266198980382,11.336820272016944,21.997216930965887,14.640218404283205,12.587288217801373
2003-01,36.32353080736159,24.244189103384606,14.912190296446624,17.987349744345554,11.622033830322506,118.96407796995464,17.93595886974587,10.87385099325071,21.401711319978737,14.795946804686135,12.766781451942556
2003-02,36.51592322168459,23.21004042371508,13.736467518148462,16.321778744510922,10.789052386621156,132.2645381847325,16.463737082367324,11.34890436516811,20.73301897309495,14.633490178024136,11.087594192464087
2003-03,37.593337514023474,24.020396358171748,14.632856464637555,17.369826816620282,11.282953966096189,106.77594748420269,16.43420368929081,10.91244735061608,20.657365982030516,14.64091144545626,10.701150055662634
2003-04,40.126609630842346,24.67394855861285,14.802834194280097,18.772061422775167,11.505228324264136,114.80818323881549,17.75702355747214,11.592976914527544,22.564880122136852,14.521905444969233,10.84742137509185
2003-05,38.812664875088274,25.602671340390526,15.135657260736584,21.09471269432842,11.794062284948822,109.67059733403732,17.017274338284096,11.927159777998616,22.97605744264411,15.282255744035293,11.633824366662862
2003-06,42.17640427049015,27.364368589661712,16.24114738577008,21.714055853781556,12.644835613762723,111.16899317886916,18.412802797748473,12.75011530591531,23.22943448011891,16.076749599332828,12.609773077047372
2003-07,41.078593157505956,26.943613671091274,16.714915818948842,23.00927694281597,12.279901384562532,127.7107243190184,18.24065962378528,12.69560890610381,22.97488376614664,15.636552391378672,12.007588481293132
2003-08,40.9643956649277,25.93809772166123,16.621393022510723,23.33744686328647,12.52659628098509,126.05714845538412,20.464607591773838,13.137733527046247,23.541256116419312,15.973216688550707,11.433873145219263
2003-09,45.52280333803082,26.525197227280916,18.636154668656225,25.921275706204792,12.924945690918747,120.11287158340139,21.73619777519278,13.684351867782917,23.791206368672928,16.37433761398165,11.27961345186466
2003-10,44.378199789127265,26.388882612664183,19.526568042810908,30.003962965650654,12.849124196452326,115.47202864013356,21.718238750479248,14.19801704662527,23.981055073442796,16.654783706808146,10.598671741419343
2003-11,46.32106456622509,26.27955684246388,19.407172821693443,27.96725714155903,13.242417467560154,119.5840993931277,24.35606132928202,14.230253138415963,25.382332845530538,16.315814214394948,10.729840485687347
2003-12,46.7909502965422,26.48544076753675,19.5028331822716,27.343657251289617,13.506003669887026,134.21948961031185,24.770709013475262,15.387086974238409,25.052146370036667,17.815433246254763,11.378949628460951
2004-01,49.75503866899152,27.03960053959186,20.92285528815657,26.958642503464255,13.888681609512293,126.60543934867245,24.510169544579334,15.056241326587195,24.63247686441919,18.472449848765528,12.256893678520182
2004-02,47.317258361182034,29.549139215957894,20.22316587742821,24.2315580443376,14.628856674383291,146.50387378288218,23.546436386362043,16.525901892553364,26.440811440529814,18.847434064155458,11.915995110467906
2004-03,58.25568321734798,30.043739834300176,18.964888628610137,25.159620738249906,14.563019095255967,146.36717581554046,22.53383071082262,16.84410137928101,26.42930982823973,19.0183230696637,12.210519784649577
2004-04,54.84103788688164,29.878876317691237,19.759295864799157,25.436261465120843,14.687097248260123,152.4057709586577,21.838355909875396,17.069916538520822,26.271422465721624,19.076083455827376,12.41467876964639
2004-05,46.16243860723224,30.67742067553986,19.080069892595567,24.023267266764353,14.32425170946009,133.65355927717638,20.0763633998267,16.512097784798552,26.061344798462592,19.305074219081845,12.124929743818054
2004-06,56.885592184916476,30.138004397242142,19.318053804938423,26.543006419667563,14.560665636960483,136.54659428081155,20.799693589072458,17.184186037258904,26.866934032502265,19.501061929998837,12.059200039590827
2004-07,51.52227916058872,29.597060935745855,18.61003161266758,25.23242380747964,14.471715448653654,134.2098441916805,21.461907026551383,17.447992791388653,25.774376955610755,20.52647938234343,12.322877349735837
2004-08,47.17775602733013,28.5840910401486,17.095546954929482,22.80944000683736,15.528939799170901,128.2425933210138,21.742239686819833,18.104570011111687,25.80464559700812,19.817912713429195,13.392026773769295
2004-09,51.44620826021341,28.93894408629921,18.00691477615684,24.675580796217172,15.658711367952542,140.21098946828567,21.879713387796734,18.878339824731963,24.784727363285267,21.626111988258874,13.687809991037362
2004-10,46.955972882162996,27.09558297629102,18.294014882478393,24.604567643867178,16.310841593322692,191.4122218846111,22.91253100151516,18.92751526303162,25.295811047665993,22.568498309493055,13.850081711921742
2004-11,52.85395118922287,28.084769844848786,19.196877210366495,25.19046885379955,16.89582142080591,154.38245216297537,26.08352760198421,20.95735633594357,26.50654437026642,22.563200137160383,13.782717738055116
2004-12,57.65423324306915,28.31348279822693,20.599690606984982,26.430621770460878,16.718868457275754,139.5128622521485,25.138591281704873,21.547434967606677,26.403048640325782,22.926945854540477,13.725194236315382
2005-01,52.26121635054845,31.052729694645826,18.374249446646328,26.430431982016145,17.074841144755563,139.55441571084808,22.909038816553032,22.17299748190143,26.777644899409676,22.572413498858417,12.956486624687754
2005-02,51.25071119669935,33.53763202949808,16.97430624190067,26.69190970243689,17.761097245874417,164.5232945187031,23.745875775737623,21.129411395979968,26.637180366689858,25.977415843733922,12.391841458838641
2005-03,52.942833854557776,30.91911392286306,18.789918646628195,27.076212395094263,17.957574424047515,205.1695914318156,24.00143734599737,21.399567248002782,27.29749629931808,27.629881697240318,12.401274473114235
2005-04,52.11565981484472,28.819567619735686,17.790307882704184,24.702012089507797,18.62851668847168,171.69274334394927,22.45530347914704,21.21938296958462,26.770660369419016,26.49880570758987,11.971549377130343
2005-05,50.8131150976067,30.588659819650847,18.115890906433524,24.67625628551509,18.94790064047751,135.9422556615804,21.35769572462487,22.378338411428345,26.09733181565318,25.616045755695822,12.392080598633791
2005-06,59.038482138124664,29.996739943175573,18.797106986236354,26.656120751319467,19.3934546999459,135.8584398159077,22.814153389118566,22.698530090632335,25.745331750593923,27.77328144053069,12.188343297358866
2005-07,54.09511726734788,34.60638826971851,20.8222041931858,29.014264415259724,20.292646588238156,134.2326305783202,23.25342112036174,24.61896905932686,26.21676888545748,28.924632394659277,12.173274189653252
2005-08,52.17704684065121,33.14346978695427,19.659080705949954,28.61051573152934,20.587376225279538,143.19542508749674,24.650693227191177,28.058750125788972,26.36013568273255,30.218612239612078,12.248887933868101
2005-09,54.22741760811787,34.18476793595089,19.666388324366206,27.764609304651284,22.030273468609327,128.53123228172754,26.552552519035203,26.620122692274286,26.229741771588564,33.428385758274,11.677400209170493
2005-10,53.01646265602267,31.907610965489017,18.960858543381416,26.976571306735426,20.58244883196325,122.60788727735881,25.995593135281094,25.386740045676248,26.44117107456897,30.5813825341753,11.323662948258832
2005-11,55.4580501502216,32.78042695388125,20.290650610031133,28.089580581951328,20.04843696802799,147.89935668691876,27.57839850879523,26.19916052893735,26.41943190682665,31.004176783592555,11.637461720919827
2005-12,60.84436329439328,31.43176558332569,19.94002862524762,28.29128858255867,19.816982815931564,152.1532389306072,31.119170838073373,27.016416885719032,26.03788736860655,31.915197420658945,11.879948985355613
2006-01,60.98502864087385,33.6237490435979,19.42443552682818,26.992708818572073,20.973979906844974,135.89144170551717,31.085292358769507,29.27878363323413,25.365069571992112,34.215165427062466,12.432640245325155
2006-02,55.640329070194,34.433297974329,18.656047865544554,27.294134687180378,20.467835558921408,136.08655157030432,30.072769934845187,29.296450461779738,25.997350471405202,33.345528601753934,12.908605288959105
2006-03,58.81247573765116,33.84055041673737,19.23460252801524,27.954778533084486,20.180445265832365,138.69062323193236,31.482282366378207,33.47196765612976,26.22238749148808,33.25672394558056,12.737702409900102
2006-04,57.54306690213221,32.907998946464986,19.407296779676773,26.807206355620487,19.738972989974638,134.98507718771063,34.35857486773679,31.165282521857677,26.835466753700587,35.95047167156673,12.535230722553463
2006-05,56.483836653386625,31.04674019800491,19.49088351988502,26.501897939864637,20.128305203128576,145.6524198670529,34.16690789815523,30.855279072017783,25.077388971148743,34.791720141213766,12.317137327037209
2006-06,57.14450558972714,30.424782337185277,18.046948918945198,25.555858598992263,20.725455451021702,128.3295114397454,31.70185057753933,31.676144310228423,24.82020142735603,32.984159938836946,12.577548185041966
2006-07,53.227951712840486,30.031617293179956,17.587455029492702,24.93614768726342,21.900044937609326,126.07972702191375,32.318049178078596,33.70349648258527,25.208524654207928,35.46500115561636,12.82649441332099
2006-08,52.10195714469526,30.524971452034233,17.58275094124027,23.131857289799587,22.71021341598178,138.24610323085395,33.23702496631121,36.236855417374294,26.12991132712023,35.86704543697232,13.923446986081942
2006-09,56.226560513903394,31.818190314763083,19.011564492980476,26.43300231482279,22.72149739543988,142.6122847139744,31.98890506471133,37.67001060930014,27.63405144461534,33.74412379029988,14.624546841359791
2006-10,57.9229723666625,33.61679815020705,21.211607906795674,27.97833014269869,22.957525355849928,143.75322905677518,32.506823491512975,36.05700310827298,28.09777587606918,33.69244351891832,15.263366952448639
2006-11,56.65218400157974,32.858396354482004,21.217151166917194,28.987317856124417,24.03039665273568,169.28540438182705,32.84207863445423,39.719462913124104,26.946946269394513,35.908699728808934,14.997959794367556
2006-12,68.91668680539624,31.826951996553465,20.126431778483933,27.73256392389393,24.469270174800606,167.1259394739978,33.83446687209022,42.31500682277711,26.859760631386507,37.61462038853993,15.659635074999368
2007-01,63.67247974667255,34.35155950292648,19.649540555965437,28.870992794141845,23.88495904738385,159.4427132375684,32.463403167706325,46.2423827941978,28.347100386305414,35.20732731456135,16.137796469460703
2007-02,60.99706952921229,35.1828328443975,20.90644151695805,30.875428418978757,25.731255070897408,157.40230220977466,39.36602375728474,48.185333827506014,28.184632787035188,36.78015809114136,16.80399776730746
2007-03,61.95606309449388,34.30895052080384,20.900181774215564,29.30889016375643,26.407253644390394,162.05913175844947,35.02872870476435,41.6804900410375,27.298901233744466,36.280731491328766,16.716213626680247
2007-04,62.406511340145826,34.34454566276968,20.931230824071783,32.625043991154804,27.958778890629358,160.02613595588758,36.97508537508375,44.31340260680687,28.497753100029378,39.71766174764444,17.42987737862999
2007-05,62.724031504131375,35.00659060849346,21.050646200950407,37.03701913773909,28.595400846204033,188.2118505843836,39.26013073079219,42.941434890686345,29.336520099538777,41.10071025820163,18.56009202205174
2007-06,72.27213800515943,33.87792808589188,19.225726489523087,36.638719088923594,26.874372908920797,165.56547094577252,40.41782344961952,42.35375346021078,29.653059841802254,44.81807053241788,18.52475512407667
2007-07,71.539220381342,33.86056583700709,20.284375055927555,35.71939880743308,27.537396849639098,160.5379387914218,41.3272750639943,39.54863088079026,30.01825790656823,46.63111945997899,18.64820008373779
2007-08,69.84682419485837,33.832302721643615,19.465882751414075,32.397197331123124,26.562471875152294,147.79307335795514,37.94558389511112,37.71268456197453,29.94966477582947,44.13981787688962,18.50377170318334
2007-09,75.28676911202163,35.8047095152967,19.012643267226334,33.28896367683654,27.81154880269234,153.19259675194937,39.72214158329484,38.59480241139683,30.352042533452114,49.393240490275474,18.98698956535706
2007-10,72.48113035804776,37.44912228744516,19.71884957645537,37.30026435670674,28.75390030517506,177.23569891875758,43.171541350248276,42.20035328819751,31.541289418997856,51.65474698390909,19.894199870018888
2007-11,71.0277198532791,36.26379223215526,18.52936921622127,32.49676258497787,29.341898009988224,157.46343974268646,41.002924275267844,38.19883631283358,31.204838192980137,49.07147181228702,18.555979919673753
2007-12,74.01346736524673,36.967960321548254,18.4647585229913,33.7342324533374,29.91276178682919,143.8908377599664,43.830404228499084,38.47697309058535,32.39798229624444,52.73225611638247,19.201498000744806
2008-01,64.31541201908465,34.974693422050166,16.60561607202739,32.835403057656315,29.62438610137056,116.36923035776408,44.14699097716562,35.14830889479945,31.57039057988783,49.34044490745802,18.192787479049105
2008-02,63.46852153959863,33.732075390732675,17.353744673360943,32.106598698394286,27.88847772146036,126.34554162982776,46.879076337397024,35.621554181696546,31.990426314043102,49.411149640317845,17.029776796403958
2008-03,69.6703374588961,32.59280446246104,17.411744935364535,28.473411988462058,27.00227737515693,96.8013950404496,45.47205833858434,36.582251891347696,31.736923117141803,50.71053323114267,16.729778144061605
2008-04,73.13385045597146,31.19166691122996,17.489873578438814,30.4352333608131,29.276909652528143,98.29436893719634,56.33432281360625,39.76661402849559,32.08472274716973,56.855318510084544,17.6742151785762
2008-05,66.73658625960921,31.037729112383868,18.504126792542994,30.08915801843499,29.834678045187093,123.9046463235235,54.06831015072177,39.620078665251924,32.008983371955544,60.27949916403469,18.363928596251736
2008-06,63.479754007253284,30.35386593042671,18.385667032823914,29.471693139811705,29.626654241396228,81.39968378723569,63.19977361454831,38.43062502402244,31.70359037928232,60.08551716847234,17.093333315845623
2008-07,57.304712322442604,32.7634319364591,18.686808497830498,28.152880936585746,29.584092498735078,66.70045554096068,52.63987632892313,36.80321868436039,31.987576041657274,55.42918980904028,15.833012672411773
2008-08,56.53486628446365,34.486200329287705,19.61638422679147,30.968703328022,27.451549742018074,70.7211434160845,46.401363567323834,39.018936402285405,32.485285995165015,51.986200400919415,15.46303539099749
2008-09,59.73296446124337,32.59821484998076,17.4427451473494,29.7512377943437,25.788856003109977,65.54851938909026,38.95882146769436,38.539145928905114,33.45241818730316,48.172904245924826,15.133874149240853
2008-10,49.61110202594065,27.986853181511464,13.655346783908655,23.84055450275436,20.946233562550177,46.22015341476926,23.28575957657214,30.191647699371554,30.063303444515558,37.38566784675709,13.023913335001911
2008-11,42.50745695114634,26.809623211693115,12.510410036034447,21.482273194210336,21.024040138424255,35.21260136350382,21.45868337125046,24.633717868400392,30.32346807083379,38.38277606783918,13.735706161369441
2008-12,41.38358901526087,25.79859965723413,12.507403325764221,24.28443991272924,20.657413361780176,29.42799964745604,24.505571351049046,24.850693765005342,28.361567582555644,38.34334274627493,14.707936924005539
2009-01,37.50503772340031,26.392052103366066,13.568590043352897,25.113525531826255,21.145830703963885,24.295241360861105,24.74641254665782,23.515267136180285,27.519362749871508,38.13686447172371,14.043249065653342
2009-02,32.38591226616102,26.64100580561167,14.155709418056267,25.809128856008776,20.09342631860975,23.47460959462308,23.87239356741083,20.89444310623794,25.860300668606765,35.26696024997855,13.078815833919874
2009-03,30.56894810065369,22.83207170002383,14.470566908168916,29.135995180087292,18.348264120817827,23.812206691119258,23.220454518068276,19.56203037944982,24.756333944620675,33.09851963347713,13.075522247809761
2009-04,32.9907965911743,24.04671206447338,15.719055325927147,27.36782641886928,18.554584889038814,28.92635418287247,24.627052391576477,22.27419270937248,26.346425528208634,33.312746639091166,14.20417848365598
2009-05,36.342423749204585,25.2516591399948,15.743891881272129,26.427498096469197,19.57323752211237,27.563049559764583,27.31012897127603,23.33827984088019,26.06547865757652,36.571780553980844,13.515056428071897
2009-06,35.21105958031701,25.97510846188119,16.37196227533915,28.58030317768943,20.01148407575436,29.385190544513613,27.526910542274532,24.112572358937985,26.679283905211292,36.988188115059955,13.382944962433044
2009-07,35.01670863294438,27.59983729409249,17.24634020261288,29.259255964640815,20.57841059476282,32.241656805752264,26.411304120281486,23.09616890303345,27.33370969243549,35.345114373996054,13.787536482697941
2009-08,40.00242597994545,28.40163975666014,17.6088009012873,26.819968557349508,21.10799949145628,32.26000321700369,28.007747999543266,27.12646491425465,28.177333385991847,37.592499853689326,14.274375680900189
2009-09,47.01633349206126,28.68944840490718,17.9602622283333,28.167182891176708,20.89924532707591,37.5032350090793,31.063744082947494,28.634522348745488,28.2928061282488,39.10812951504952,14.401807594476551
2009-10,44.807678553376235,27.588041918893374,18.30927091591098,36.4547231465889,20.694342389857834,39.90697485896745,31.2935784175729,28.056974555339544,29.666839505832254,40.656043257867495,14.222645553293596
2009-11,44.81957353215753,28.503293917504447,18.669912106485214,38.350055359923246,20.50465317767131,38.59445981774739,34.09870439166403,30.269953910054824,30.190714296813688,41.78860019500013,14.56658500702257
2009-12,46.94302983527361,28.616004115284618,18.417596520893287,46.02201058334201,23.132758004322756,33.637010851445524,34.88761456320642,32.0797494399606,30.02399340720431,42.20682803448351,15.652575129953425
2010-01,46.556551577890225,30.940219269314376,18.79391543009913,42.76577857067017,22.390136045953763,39.02892272715661,33.83809351838856,32.42774626706083,30.788963962906777,42.115274782458116,15.031228774826673
2010-02,45.50857597273651,29.3768669583961,18.420081338361882,40.210667831476854,21.757158204238586,36.92397478851664,31.844738638124134,31.86563220411622,30.68027008354258,41.07526845330378,14.052886331193529
2010-03,53.38524049870635,29.64366347600642,19.4570377460704,36.73672569541327,22.09870177665012,40.03723614283665,34.577774100464204,34.53866224214886,31.001647043850618,41.72055209824192,14.582286778283528
2010-04,53.40261871976179,30.010033616668714,19.598594094572956,40.225791147860086,22.142729966877937,49.5122741534963,35.377175068949064,35.01149449285665,31.872295015620256,43.93432393309016,14.912791771777396
2010-05,50.00919238108671,30.10712506905907,18.124362079158363,34.89809354236601,21.49367077625725,37.46238383845408,33.03345369853598,36.711102894518454,31.100097699742438,41.001831052379586,14.182320859341036
2010-06,46.60762828163338,30.116987807664405,17.966005378021894,35.403286272012515,21.303813079338724,34.45961091558875,31.938053476319993,35.76041540800644,30.094663608766698,39.96277420229217,14.139806684172795
2010-07,45.54481827657525,30.56212354179255,17.941217141275988,38.17684352173446,22.518054874281212,35.61766213788126,32.18769129720695,34.7523763821152,30.502336522983814,40.14444627075615,14.709733623809178
2010-08,46.500137713570226,28.885399641267895,19.09767126512421,37.17766573027078,23.283417262958668,33.0287082614399,34.418127212966866,38.283384403566764,30.242224977736182,40.02198776999205,15.711774725962236
2010-09,49.40381509094738,30.709992824791613,19.915088720392927,46.47038104544041,24.678056220789887,33.79415509561899,36.47663403110171,38.62595157626727,30.823138942986848,41.214496397727984,16.69544324334707
2010-10,51.82693973349207,31.711984971053983,22.31840986532361,47.37526800156599,23.81672107941781,32.0159965929056,38.993720834833425,38.679800429067456,32.556180708922945,42.559358155231365,17.5290435306189
2010-11,50.538607708109495,32.4353968115236,22.60392699579853,45.958452945142156,24.052020790474536,36.53879371020061,40.645013216950616,39.74422420112785,32.132907565861494,45.89415996894309,17.341034644603262
2010-12,56.44575867260878,32.914675420394474,25.536862388478582,48.50159800309904,23.78589451310591,35.0970860938334,43.006189987905195,38.86388992374101,32.189628673212184,48.87143669814186,18.13578478704326
2011-01,60.10021893737008,32.68783820620398,24.60042247186524,49.48816317531819,23.861719205221043,36.079202927279646,45.572141286085085,38.31648810374261,33.71847738320502,51.91834998741443,18.837890448536
2011-02,62.078987019637836,34.65936328699476,24.13376183589172,47.21973353114691,24.64144107852784,36.33419200864851,46.126504654715646,40.665960409705,33.88542214458338,54.70935850428107,18.730396409395425
2011-03,62.54008251509354,34.05877565897662,24.366787168706335,46.39327851472039,24.439433422166196,36.22875963607178,42.82688381304676,39.749782619430654,32.55178666898609,55.11392915682194,18.405525184487644
2011-04,60.65125806541385,38.08355355141634,24.26779399682485,53.586723593958226,23.417184051126302,38.92005794099469,43.80181783586209,40.89094411468503,34.223852577561736,56.5852736737861,19.396909901372332
2011-05,60.72971081128766,39.89508723882966,25.150843328833002,55.52745506225683,25.35262702633292,37.235327374610115,43.05361576510749,44.42302823799962,35.0365376331906,54.67655105193499,19.701724224492487
2011-06,58.40618355665894,40.211837333394286,23.38747735490479,49.294420972138674,24.86929915894522,32.83550086085568,40.76663095441081,43.150457144227026,34.18621822337583,52.15239368443194,19.445518876515976
2011-07,60.47763646086717,40.26986854710329,24.514535753505328,56.43244543764075,25.690402174864435,33.11551500233261,43.67090101471862,44.323422752854526,35.45261113673312,53.83051433786774,19.83840026330325
2011-08,51.70075631293491,36.382767704061145,22.068238415791072,53.7656351172708,24.92287721110002,28.379890115594588,39.25406767105115,44.183163834143286,33.76914204888479,48.46633994297912,18.797329269851218
2011-09,51.311151372800886,37.5379124639192,21.680994345369093,69.02722902103369,25.806610697668717,26.492772958894598,39.30971078957228,45.84233892624771,33.60182553796061,46.43651926357497,18.631301915032473
2011-10,53.027961111909875,38.001224630091244,23.170668041267533,72.21465829678385,26.299383337882734,26.745571052266026,36.13751871554785,43.72747654856076,34.73331612081083,46.59822061838082,19.67161024458092
2011-11,54.534747915298986,37.24409012303811,23.67286819655595,63.980980833363354,27.360887574576182,26.529938754509207,38.004793775924036,44.61026854403844,35.34282465701013,50.02696244621132,19.499012004448392
2011-12,58.67356091166551,38.108113709274306,25.693305203847356,59.51650246941061,27.670497227211335,27.45149009900502,38.21555684975532,46.815731853744914,35.41192305938684,48.86930472001573,20.180868381303853
2012-01,59.96438510756538,40.75514418595684,26.08610178338138,57.72557008072268,26.973208051605486,28.270664071591426,39.427275758680835,47.20422596337451,37.15815987445377,49.807286182933005,20.60200743329598
2012-02,62.446304907807104,42.6421647861139,23.759870163898547,63.18821837275779,26.942085010452608,28.85749019089122,40.65416798415301,48.64219648623294,37.308556249529396,53.855590764751035,20.34770315418247
2012-03,63.435944537436534,42.716051285507824,24.363746962242875,60.70807915886436,27.669487441050926,30.270847241003146,38.54941546738227,51.00652785574072,36.96191393874003,53.6361844619745,21.19466132825758
2012-04,61.011242057226966,42.487344864692425,25.31422899674213,64.16507049699243,28.313433946731127,31.840620444741386,37.914519879395705,50.35834773620475,38.458712273087826,51.005912601082436,21.145887409285436
2012-05,59.11255911709211,45.14275212951589,25.332050599031287,64.84319826529222,27.83769439202985,31.582982913901503,36.67224041697547,51.19114928146127,38.947902305079865,48.99634211926541,22.35313620777302
2012-06,61.09540382763353,45.63314322083846,25.690617582570788,58.25661430575735,30.15109241455996,28.282506414018314,36.893797618055316,49.40896941876534,37.876573010229905,47.470299363662626,23.824711467901842
2012-07,60.7296495405979,44.080337787976326,26.044307514175305,61.26040681738473,30.8434265304345,29.839111629423943,37.439937354157365,53.187451111934784,39.63328800021938,48.48767296623548,24.659682080026883
2012-08,61.378542848882056,44.852881755548246,25.520119454780136,61.34370069236224,29.990105922460675,30.489549991212893,38.06230767148213,54.6842513447109,39.28149620846053,51.29893008831127,24.806929832926492
2012-09,64.26289852523826,46.338624988017386,27.062741988128394,73.43852753359431,28.429158704395558,31.827173475968983,40.1930839635232,53.60884879921457,39.07823841131323,53.816562013561594,25.45514807522254
2012-10,64.44084756315698,47.17131103239329,25.89340886224058,69.8322364807079,29.651040961461494,33.98005062620312,41.130117464746995,52.69471590318165,41.22345970321467,52.65894752354416,25.213184063467214
2012-11,62.75896984241807,46.77332213218851,23.66132568653751,62.544733033026944,27.864599419669585,32.792568136390756,40.76056990602426,55.98942711993444,40.78931080987837,51.0508070501889,23.85134765354153
2012-12,66.12722023216395,48.52516505526054,23.86921511360243,66.95388078534016,28.5596004736093,33.07998690723679,38.409610959546235,57.114555748642076,42.830306553557115,51.26209577996287,24.071702115293142
2013-01,67.4543886600042,50.210254829673346,24.226325128288973,74.71264575706728,28.45447724307445,37.521657432639685,46.64249124176113,54.78964524048817,42.64896705149939,53.002688192678185,24.410293270221707
2013-02,69.73959268639562,52.890292043752424,24.889396289685024,75.18107671222214,29.20977163750834,39.53693585876616,44.62714111948435,56.00439222675431,44.14137213787531,55.79491440761357,25.431139644606937
2013-03,71.06243084000604,53.682884154556525,26.09486548860849,69.51604355055355,30.15664794062661,39.88335785060844,43.075914039387264,56.7029985152714,45.15805924888624,55.00113201371008,26.81162052348654
2013-04,71.02911301369868,62.844257322252716,26.90192018707793,73.0782419700848,33.092299188530646,40.12535484351853,39.94279152124355,59.70676324043611,48.44178023469346,54.27563681573522,28.10493974943984
2013-05,74.42273988453776,63.534100439984556,26.92418965255675,70.11038581392197,33.168053571493715,43.51672556486047,42.978055664447204,60.63854409442477,49.58230885519759,58.80342020709768,28.462559394478966
2013-06,74.19283089191377,56.64378125246797,27.483089489555386,70.65485858009268,31.02715855169589,44.65840108795394,42.41588541499561,55.141585735837204,47.72359202703689,58.85032202911605,26.987938584528983
2013-07,77.99320808282714,65.62262496378656,28.351341790990027,81.35504042585094,32.0484404664408,44.762469465127865,46.12004964438001,59.55979472048762,49.383396533115686,59.55237308780585,27.674976233830066
2013-08,77.0363372225297,65.62689148989892,26.385663241977472,70.62151748860532,31.70144497823743,44.96604039075462,42.87986029971809,54.984491165832,48.022180470488394,60.93508564923113,26.69074669803793
2013-09,80.76296332491121,70.50664618493005,26.897903016166328,74.94890089646366,30.655175926314563,47.76578769481541,43.70698554113772,56.353675975951944,46.405300348859164,62.60774155342334,27.430120217709106
2013-10,83.83343109734535,71.17392031779208,29.30004023216281,87.67459776042354,31.353508073238917,47.097004607172586,47.00623960530867,57.6484231400819,49.51384625661925,69.71427495382567,27.47080888836972
2013-11,89.75946888028291,77.11117320136304,30.875868646784024,90.42443045328021,32.161417043390514,47.28647941468873,48.1797754075569,59.89378858099754,52.10570444815019,70.83559293322436,27.729703281139802
2013-12,91.2551748150689,79.04161221772307,29.775162067028358,98.72250511219517,30.42576989535823,50.53041010009327,49.677734379297675,59.19605178565318,50.78546446050319,65.53407076713651,27.44076173740587
2014-01,91.22897555008984,83.76816917172533,30.64923094268059,104.87919447538509,31.63924799539857,49.66493032123496,51.24130754837024,60.56468389451195,52.47411497644442,65.94850345207298,27.548589640479502
2014-02,87.44816720616538,90.87291936566366,31.90350069782154,100.51055354539145,33.659153051311726,50.67238686254737,52.06815874364882,62.54199550425128,51.22966030649081,66.29245624928693,30.552656149607614
2014-03,89.62156263642667,96.4576212337515,35.39287128571962,103.11091439657511,34.47808565335944,49.70136750555966,53.31408236321593,65.04719030216394,53.024820157090204,67.68533723265593,28.842647851196766
2014-04,88.78264439285124,85.73325188197313,33.792440904352965,112.8730303324974,35.22731540082145,49.70660780162947,56.11307808045116,70.66034262783637,54.581295552375664,70.33174399000265,28.915803743760996
2014-05,88.80075420173603,82.8547621432157,32.00916875264041,92.0013751410401,34.36611921043959,50.38867704574623,53.95131297009144,68.52468764088029,55.232536219063235,72.48407846377748,28.70347375355461
2014-06,92.29527693408733,84.76359541005385,33.98240395232213,98.76023109456365,35.304274320705844,55.19712936861371,58.22118888964907,64.73390276461606,53.75420811915126,76.58420666672656,29.02139601378181
2014-07,92.88659000015672,94.15456652445258,36.733069570726606,107.23754110517467,36.03301594056002,54.50082570872742,60.93154674883549,64.43039428420383,54.78253916735289,77.48450972902654,29.731765338233757
2014-08,90.95047062112342,94.96549155395392,35.07858509609952,93.2173194127546,36.18410433772399,54.25603962517149,57.82940105384881,73.07461942642743,54.31055720841029,77.1227963318145,29.3452382257896
2014-09,92.81790512412714,96.26964860071428,34.50216401803117,94.51163554261767,36.32325854706918,54.14559300117212,59.993762655658486,70.99317898824441,55.73671605879679,73.91056680297537,30.047992881675306
2014-10,89.03079822373432,96.65073160332905,36.3881695041783,92.12110897723025,38.38630676867807,54.19304999023979,57.23578529760784,68.57571041979246,56.297259558203905,67.3999217713435,29.117441341612107
2014-11,95.46667694675767,103.43008278202916,38.76434575081475,96.43527180159911,39.92537206933507,59.2633592010831,57.07915909605861,74.42872295522017,60.69074618652282,67.57442261294885,30.24999645788744
2014-12,97.79076082456214,110.99894784224563,38.708337725391225,100.72209181088417,41.54997011613586,58.965327117594086,58.035030312957204,74.89770365869818,61.48075016951299,60.21576672210919,28.821038645058042
2015-01,94.38276131660852,107.82209657883314,37.665838731641806,101.50494785192004,42.404591007460965,53.62066422155792,55.85206722925642,79.07002551654104,63.42803897001524,59.03625682527198,28.453177599683983
2015-02,97.82089106901397,110.01181995083931,37.94826171556232,110.91006754304077,40.81330444690277,57.57501383231467,60.739749165231345,79.17629025235473,65.39407591891884,62.15666666645444,30.27971173326764
2015-03,98.4014710091185,132.60059041923088,39.394398079231394,104.50462795442927,38.89164985478466,56.61391865477056,60.449871511782504,81.48632586082496,62.836727709087626,59.96492720940285,28.94158137167048
2015-04,103.2499460210727,131.25155454208155,39.64737881597045,123.10802768395902,39.40428192560633,60.72911185173462,60.950395803812725,75.08977240118497,64.0326077919387,62.32124620489821,29.302002241052993
2015-05,95.88524544071473,121.14179006526614,39.60210420344873,114.4010082405142,38.25004933653816,59.63716538409537,63.97781294331045,77.97559043627747,62.59572022233754,63.164293605001056,29.054242790834053
2015-06,98.34473610511931,125.76152732632018,40.0906750638602,118.74892923909849,37.96929547236675,60.95522448123593,62.344700970630605,74.46023248755807,61.318928182411895,58.54906530985157,28.75256853115829
2015-07,93.48794221763094,136.87650202480847,39.23523259259801,157.53888421501,37.771795024463266,60.72058550513403,61.40594572733819,75.77597140000562,63.59238371328283,54.9897566675887,28.42377469295416
2015-08,92.98254811189572,124.95375463137795,36.81745242189018,144.9426720022918,39.64028922008468,57.977651716965205,61.32741329343704,78.5089430766431,62.52542758944759,51.36785212905468,28.162470776670546
2015-09,92.42984752540997,120.48289317626761,36.55311244015266,151.85757816741238,37.570631179348695,56.71269463030424,58.63510547989488,74.38163060442899,60.27776636194214,48.013542141328905,27.943821462578164
2015-10,104.25011791215168,119.0337118301753,39.66916686479924,178.18454195480987,39.775576718746464,57.034511316557264,60.432793713694224,80.2354056484385,64.45702341908995,53.85843909586269,28.299489478489324
2015-11,136.19566953801828,119.01252954481987,40.721195573475114,209.08596703497446,38.792955036741034,59.9463300333061,63.64812305132962,80.25123399239159,63.925836952239166,55.5084207251511,28.640186529714097
2015-12,104.76771973029085,112.25900421289265,40.20810955929897,210.09366126874133,38.368141109941455,58.68472519215304,56.88391086594858,87.1160694593043,65.92364047152368,51.82699660570025,28.900075734131534
2016-01,98.81068775046168,109.17566408453129,36.453273898359114,202.79000543035303,40.040493114397975,52.50442976808197,55.012790092771134,84.72234753649919,65.425019887963,47.44318903967351,29.814845096243324
2016-02,96.3857682416894,96.39104802026132,38.00634514634534,175.71127335322439,42.32748680829323,49.66562540973083,55.48691891829394,77.85746149356164,66.34745927271751,46.547776545682936,32.60332226882263
2016-03,101.39870174301211,96.3216456870253,41.087470144209775,184.5549613350512,44.322917845503206,53.444513419059234,59.7164214317805,81.22164129767475,68.02818556205612,49.72082419747133,33.75146853283684
2016-04,101.68576681690632,101.25987180132508,39.96082336484861,182.25594063074703,44.448331024317376,54.15585149560624,57.53290112336562,86.7546674656155,69.34959668059236,53.386593939956825,34.18438696899555
2016-05,102.59809530698985,98.96276233369598,38.2663166153252,222.84014493544805,45.1946178355727,53.92688604410505,62.94855369259076,86.94068506317657,70.98470680593323,54.69421440918552,33.350515801581565
2016-06,107.88594874668512,104.37749943228329,40.52566741901593,204.79292646559188,46.384899695992125,53.019483239739515,63.35561601489073,86.8075944085977,71.46118629920609,57.60697521506391,35.11061452794105
2016-07,115.64560364767503,110.98350963227665,41.28480012222866,223.147040981277,48.33060455344123,54.40839134774424,62.61907937966602,89.70453063938893,74.98250470074792,57.590074232108925,37.367668258275195
2016-08,126.29575388243727,110.46304311207732,42.64958191095685,185.57905516787775,46.542759585483736,54.16862513537962,66.43128844479507,90.59429712269777,73.06176340809733,58.78999282993213,35.848209002134624
2016-09,108.42526994635845,114.42711274694338,41.43010441630979,231.25938102945162,46.94182189909384,54.47196199902896,69.61664568670868,87.90355442711437,72.95185796743546,58.31017671376674,35.109544147339854
2016-10,104.15617751595398,103.80087870877294,44.117272496818664,269.5072699506347,44.77342891109509,57.954412475418714,68.60920982730126,86.52996576015688,71.14197827019224,58.569918568513216,32.85144459736452
2016-11,109.883717416463,107.37505053234239,44.106329020938176,261.7122786217963,44.045240234559955,59.33679634988629,72.2558488455945,80.91457346819203,68.91746827311708,61.262577429878455,32.94748578134932
2016-12,120.4915017985482,109.26599474555297,43.44344874866587,232.28978978791315,44.46894982606356,69.8101989567887,68.97064563895786,82.3857800926729,69.78479965390761,64.97664184375812,35.51139727858711
2017-01,113.2172905037814,107.69306980687517,47.15958093757274,245.2789262529668,45.570733072117235,70.49441411664053,72.93489898515904,86.27416415674574,72.07211007160248,62.70364097737426,36.623540070448556
2017-02,114.67052957683755,110.4889393873634,45.6948407906048,257.7258944414121,46.80320767892372,70.56586582875761,73.64845080537859,85.04251617312306,73.664502159369,64.35144804316813,35.46561994916384
2017-03,119.63626524306926,120.75097428552401,48.898996838172316,226.1805623308893,48.762947897562995,69.75213695559422,76.41781438298234,87.5676376784181,73.68978139363794,62.74858465195492,35.65849758779342
2017-04,119.50044098038349,117.04209630350336,53.25387375581681,297.83905490427907,49.55710381169307,68.55112617138536,74.4216201293321,88.68362543443789,75.68096833728767,59.689414226885425,35.15699744219151
2017-05,120.12150946102663,125.23562883531235,51.707855102003656,297.7230751859466,49.706826781388976,71.20475042688655,81.16098340445986,93.67966092598748,75.83643798347032,58.06573646070657,33.009201618039995
2017-06,126.05361270209518,136.98831382146952,52.5476345192832,340.19208199316955,52.568364663630064,74.07722199670417,83.10396141538389,90.86712759699896,79.15711154781818,54.96458789514484,33.13015654448223
2017-07,126.14474924842163,136.87293486742306,53.670920602306175,337.2782721712791,49.414059628224685,76.60265458221231,82.71186588271358,87.54648441674075,78.15404676686632,54.0331189247535,31.940244376597658
2017-08,128.93019415077285,128.32091836847098,54.02110210523441,297.08555910949025,52.338550140987806,75.7977918009086,84.06614002745542,97.84541145737882,76.88984439465439,56.51751568065758,34.564940657713834
2017-09,135.18495869781185,133.15344272145646,54.34452293960989,263.86112206704036,52.32116230875451,74.8386949976895,86.54126860056171,98.46249023379393,74.8717300828409,56.35824421949671,33.49328871069416
2017-10,138.74819312025042,135.029485130463,59.98299942915867,325.683569053628,54.75921385897464,81.82076572704193,87.53474847251113,95.73182101440288,79.08349064604938,58.71308532330158,32.8174752388618
2017-11,133.50185855823077,131.05846384239396,62.8459990260511,356.88465178654957,53.9726452271667,79.84271669146696,88.41368364101731,98.77855519022636,78.10805593614835,58.325385742731385,31.47389286259927
2017-12,143.80230635646225,130.91360046105268,63.06959203517447,339.81561003681827,52.40448064640323,81.48348928284098,83.45374981876193,96.84705078063642,84.24049649041834,60.60189437575851,35.707503579503665
2018-01,163.47897865701336,137.19261323747742,66.64801153006297,486.47906116336384,50.118279920209744,93.32760688687273,91.6055301662226,93.71684209791674,89.16878861614882,67.72350367878947,36.64157591237868
2018-02,164.8469175650896,131.1425116255275,64.01353099702526,654.5310679691273,47.93874897901341,88.49606372256986,86.96184285817328,91.24699866189555,81.8760635426052,61.863589152088736,35.31963223645326
2018-03,167.39269488466422,134.63937724336915,69.89559433371518,708.9933056943484,47.705063272615064,86.80256219774058,86.31430113824133,94.45647463626261,78.95250747981814,60.22993431979672,34.42065493212924
2018-04,158.0549743373961,126.5831528480502,68.42157823044087,696.309630326689,49.63476176973328,88.68871104295015,85.94990765132914,94.52888812816279,78.78160372581989,65.38236657644956,33.559845567043915
2018-05,159.41665203716235,128.97147326515918,70.39811549613984,559.5304383011423,48.76035138382125,83.72674025761125,90.78842630874789,91.14919651956029,76.56905830582039,71.26098888791891,32.61310313018795
2018-06,158.63916148665595,132.63863678648494,75.18664567446325,653.4315183889782,51.149246534045496,84.53864334991951,88.10709284315796,95.38159610489588,78.39397936040749,69.08088730072996,31.165973304456465
2018-07,151.18958133095714,151.31287290710935,75.22346192924402,836.2579998787135,52.56245380045882,85.73166912027865,90.59765279524642,97.82895485529103,82.26873369349914,67.563994146334,31.664672700421516
2018-08,154.89477784403485,136.99258786196134,71.83527522526047,870.9661012561103,52.72589933315595,89.21834993145855,87.3823414127518,97.52367605205387,88.92982529474341,65.65127548769954,35.27210131899773
2018-09,165.39001057228677,147.427979907021,70.64393891639739,937.0359767834276,51.912015841991995,84.05909173807885,91.34098739076856,96.6474011803263,87.6324775537777,66.226089462275,35.56857023039089
2018-10,153.81424490503682,139.2928431088596,73.55236719807779,959.2961647935073,53.24239985477903,83.0244404582516,87.40501352607956,97.13070485079942,89.32455196810334,64.99017062130078,36.43149692904806
2018-11,144.77844453310598,139.38941695139582,66.79000994233681,784.4682737715482,51.588367118048964,82.74115119474557,89.9267457381709,104.43285535679841,86.45078090780603,59.46092909808396,38.48205828346742
2018-12,140.92463980936233,136.7807920069695,65.8978998691014,828.2439136395097,54.174049913397575,71.6055126945729,83.46132964062392,100.39328734838041,82.97793215167694,55.584029427481916,35.83041716138071
2019-01,145.97293822082946,134.92867304139,63.32826002511822,815.3962853554722,47.298187308377265,75.87070236555563,81.35216447002006,98.15162745389011,82.28758230050634,56.263533865402586,37.55102413643258
2019-02,166.31272710592978,138.6104479390771,71.74410831353183,672.6173436073723,55.2975042827874,79.2852157174652,87.14288920117893,104.04481757316609,81.97526783935437,60.46003010088655,36.12497541519821
2019-03,213.1350841035892,141.99882635857517,74.53196880368577,756.496681270044,59.36567615798519,78.16743302934702,86.63953556232006,113.96278193772625,82.38335505187894,62.62270881131626,38.59914841885888
2019-04,186.79971861887915,146.24909206799603,78.61123643003869,790.3575350840252,58.90348753632074,80.44017446781538,88.7583332890021,112.92722664309042,87.65886059831448,68.73312629565687,37.99601690399076
2019-05,163.4465357122845,139.4897844078106,74.09438128073553,842.5969645904347,58.7925717477375,82.99809516022121,95.78242866146567,113.3114588464641,92.33354180433261,61.152890208319064,38.87270783066558
2019-06,167.62302358001352,139.93751870588497,79.23151172759268,760.2611735483466,61.930154577643975,83.79467232432864,102.1886148501582,116.74184583349141,93.51433422027677,57.22094987717392,39.121801902185865
2019-07,172.4358227961855,144.35540258775902,84.22600712070897,833.7739107013356,62.36738435629019,88.0078619313628,107.56097861833592,122.6527255410362,97.68650082091526,56.18387793328029,38.211620930624846
2019-08,162.3092829147806,141.7372766403958,81.16337499173542,714.7283986736292,62.86511108061478,84.20511925008593,104.46165547563672,126.05909808119686,100.31983269308449,53.73667058945552,38.95510334460188
2019-09,178.01191503633467,144.6435043299124,87.02222711217401,680.5603385511915,66.58827998839679,89.39015456689883,105.15594906832358,131.0333482076992,105.40079753616706,55.97957454979359,38.97766530608015
2019-10,174.9699739871606,149.1734842244822,86.81757586621886,678.4811544055339,65.67033886203495,87.61211224475679,111.07946761781349,128.02683468718593,107.22483464515084,52.976954029756996,41.61922978153833
2019-11,185.72557066593595,153.0967276827236,89.19350838289805,553.6847971189902,64.04471808349865,93.24207526403427,118.67435369994645,122.37990445573527,101.57319773426687,56.3741036780136,41.19185793995395
2019-12,185.24873878603225,160.96410183420625,93.10392614232195,693.1844189979386,64.41816483945546,95.6584158099639,109.70234788232196,120.1179027849076,107.06768333961325,56.505884450288,43.3328247241019
2020-01,193.16822903967346,164.69201302157268,98.35461385845676,768.5489651242565,68.70777488648011,103.13308382071313,113.97418163342256,126.5588842888432,109.05551254408878,58.07156254524039,41.993952884198904
2020-02,178.2177347162881,167.82717564424868,107.22610582280205,896.020575667517,71.27364749586218,105.3954280156727,114.35050475526431,131.6036016494015,110.75589943759098,53.29107966845553,42.10839717719094
2020-03,139.1589081934231,152.04366423015242,92.50522200469521,768.2882076104345,62.146949019113116,80.96005769417323,100.76932543910385,114.14897607654349,105.71443589956004,35.18992672073844,38.60585002448703
2020-04,127.52104620287028,163.84012109080075,98.52594734526335,1045.003381158948,61.523749665640864,80.77085794659203,100.35112593852386,116.86738680463796,110.63570226440609,34.311236103176846,38.867488020985824
2020-05,127.73862425321923,187.21781595840773,104.59783314773419,956.8177628589823,59.34690371635685,106.24944208592008,120.40720584946293,105.61129622338072,110.05546587575208,39.16285380369507,38.46570154038548
2020-06,163.5990145675517,177.79509149509724,114.90917835928559,1026.334427721522,60.59590780773951,90.441050690764,136.619821471457,117.37951503350114,108.5687461494986,39.68962474132551,38.94897404577769
2020-07,158.07281486942645,182.67115379916027,121.61355863645471,1841.4633475746969,58.71640040456442,92.22566564351673,124.15110179384327,118.02674952445675,113.66437289941604,38.469604917162926,38.40882673660013
2020-08,162.0089839600157,186.97991729448745,131.34599792493634,1661.3772196556738,61.19666975122597,94.77641441620136,118.36932720952557,114.20688629531203,124.41558571645758,40.135760036160136,40.118397227406405
2020-09,161.72588563204027,186.5348937141329,135.35823583452805,1822.6415258881318,61.26669547440688,94.64183981134602,124.01510678996593,121.88567096610458,122.4574783742993,36.61526918134588,40.679046267825214
2020-10,166.24008201252713,196.4985123973578,134.02725822783336,1944.1810916300112,66.1924765720623,94.85925650738851,131.07956704435924,124.18764757008286,124.83720058187559,34.05565234168967,38.798598707551704
2020-11,176.15022734734214,199.31557172741984,139.67014505742614,1505.5955060657639,67.12663277281928,102.19252819527908,136.12691470833727,112.83757442062435,125.24405989643702,38.287760597986036,40.7188011499598
2020-12,194.6773033078887,186.82986021062956,148.50800298253895,1414.4148360944896,65.45636186698911,116.21048248577935,131.58536653158242,120.93069490752048,132.57525031956405,42.296490389173634,39.99733484562002
